Model,MAE,RMSE
Linear Regression,0.7170964045874716,0.926800960474921
Random Forest,0.6959812913145293,0.9026465881940332
Gradient Boosting,0.708380653271838,0.9159051586027334
